date,total_demand,completed_deliveries,delayed_deliveries,overloaded_routes,warehouse_utilization,truck_utilization,active_event
2026-01-01,40341.21,40341.21,0.0,21,0.4831123806663508,0.05106700181692941,None
2026-01-02,39828.25,39828.25,0.0,17,0.42147847941165306,0.04519839962832854,None
2026-01-03,48221.439999999995,48221.439999999995,0.0,21,0.5124453352092034,0.060058863508460666,None
2026-01-04,47164.909999999996,47164.90999999998,1.4551915228366852e-11,21,0.5569085694902335,0.06294427204331546,None
2026-01-05,44206.98,44206.98,0.0,16,0.5046194461067699,0.054017523418566804,None
2026-01-06,42402.75,42402.75,0.0,19,0.48845721779869333,0.052792558582796106,None
2026-01-07,41422.98000000001,41422.98000000001,0.0,16,0.505649352704318,0.054826131674487785,None
2026-01-08,43303.159999999996,43303.159999999996,0.0,16,0.492149222551568,0.0528482589122616,None
2026-01-09,40792.130000000005,40792.130000000005,0.0,20,0.4808704024201149,0.05285672744603248,None
2026-01-10,44212.06999999999,44212.06999999999,0.0,20,0.4439899219722155,0.05153961470912776,None
2026-01-11,47172.03999999999,47172.03999999999,0.0,16,0.5181044801308242,0.05986040977299001,None
2026-01-12,43710.189999999995,43710.189999999995,0.0,19,0.5250531799913407,0.055071730027518556,None
2026-01-13,41116.329999999994,41116.329999999994,0.0,14,0.4567436225790196,0.04836944392918672,None
2026-01-14,40589.72,40589.719999999994,7.275957614183426e-12,15,0.4651040052053163,0.05106645995861295,None
2026-01-15,41358.259999999995,41358.25999999999,7.275957614183426e-12,16,0.4696586646251189,0.0500482400098831,None
2026-01-16,38913.11,38913.10999999999,7.275957614183426e-12,24,0.44619385646489046,0.04785371331773089,None
2026-01-17,42203.19,42203.19,0.0,23,0.4783053740126895,0.05481327418888802,None
2026-01-18,42329.60999999999,42329.60999999999,0.0,18,0.5015674469919305,0.05610272640641238,None
2026-01-19,39795.909999999996,39795.909999999996,0.0,17,0.4640319696120466,0.04953124315649216,None
2026-01-20,38437.840000000004,38437.840000000004,0.0,17,0.44483584352741823,0.047622777859607474,None
2026-01-21,37833.43000000001,37833.43000000001,0.0,17,0.404801353789497,0.04395694533104329,None
2026-01-22,39238.86,39238.86,0.0,16,0.46340435470320956,0.049477784662707816,None
2026-01-23,38761.65,38761.649999999994,7.275957614183426e-12,19,0.4486318555987907,0.04805521197116049,None
2026-01-24,40243.02,40243.02,0.0,23,0.41926698231361736,0.04811892916319688,None
2026-01-25,41379.509999999995,41379.509999999995,0.0,18,0.4590122260168931,0.05369306533852304,None
2026-01-26,41674.0,41674.0,0.0,19,0.4934746193899823,0.052362504332215336,None
2026-01-27,38155.76,38155.76,0.0,16,0.4487169307691901,0.048369066983905806,None
2026-01-28,36425.17,36425.16999999999,7.275957614183426e-12,13,0.4251772984339682,0.046859383756051816,None
2026-01-29,41534.259999999995,41534.259999999995,0.0,21,0.44856013753615986,0.05036815806992334,None
2026-01-30,41439.560000000005,41439.560000000005,0.0,18,0.5288573051413807,0.05628939721078938,None
2026-01-31,45386.31,45386.30999999999,7.275957614183426e-12,13,0.4924047217737145,0.055667256402240586,None
2026-02-01,44566.63,44566.63,0.0,17,0.5139236347579899,0.06007527647367725,None
2026-02-02,40478.5,40478.5,0.0,14,0.46268250590568616,0.049395086056182876,None
2026-02-03,41006.41,41006.41,0.0,22,0.44998388232300424,0.048049129392587264,None
2026-02-04,44206.780000000006,44206.780000000006,0.0,18,0.5234607949219339,0.05473646575382546,None
2026-02-05,44080.13,44080.13,0.0,17,0.5063942344676955,0.05507911884648975,None
2026-02-06,42261.97,42261.969999999994,7.275957614183426e-12,20,0.43465899259802276,0.046977732399352476,None
2026-02-07,42440.270000000004,42440.270000000004,0.0,22,0.48779108132512394,0.05620940229479144,None
2026-02-08,46756.19,46756.19,0.0,13,0.5203019862225463,0.06162553073731973,None
2026-02-09,42279.65,42279.65,0.0,16,0.4657962519424082,0.05087105154998576,None
2026-02-10,41943.149999999994,41943.149999999994,0.0,17,0.45987939022709395,0.04939909441537804,None
2026-02-11,41904.06,41904.06,0.0,19,0.48661085260160253,0.05214026949696144,None
2026-02-12,42054.46000000001,42054.46000000001,0.0,20,0.467998672480593,0.0511818111361502,None
2026-02-13,41171.119999999995,41171.119999999995,0.0,14,0.45905874946776104,0.04883635195308396,None
2026-02-14,48232.229999999996,48232.229999999996,0.0,17,0.5641584130182248,0.06440646201119009,None
2026-02-15,44158.2,44158.2,0.0,19,0.48852788060089203,0.05549617934267345,None
2026-02-16,36922.229999999996,36922.229999999996,0.0,13,0.4284781227528958,0.04758326819510208,None
2026-02-17,36743.08,36743.079999999994,7.275957614183426e-12,23,0.40616566634332446,0.045218113468978395,None
2026-02-18,40650.409999999996,40650.409999999996,0.0,14,0.45528591152894127,0.04927583032130219,None
2026-02-19,36198.91,36198.91,0.0,15,0.4155001331023833,0.044678803587289886,None
2026-02-20,40468.00000000001,40468.00000000001,0.0,12,0.49218271191548496,0.053380505487710034,None
2026-02-21,41963.78,41963.78,0.0,17,0.44761752980340663,0.0514109497588701,None
2026-02-22,39590.35,39590.34999999999,7.275957614183426e-12,21,0.422678994106251,0.04954743077866699,None
2026-02-23,37338.29,37338.29,0.0,19,0.3977466953587958,0.04424582058499505,None
2026-02-24,39871.979999999996,39871.979999999996,0.0,19,0.5045103696242391,0.05082984934611734,None
2026-02-25,36884.880000000005,36884.880000000005,0.0,16,0.4368613022862739,0.04654177668465378,None
2026-02-26,40948.799999999996,40948.799999999996,0.0,16,0.45858564159768106,0.04930266259019296,None
2026-02-27,38796.04,38796.04,0.0,18,0.43034143390079516,0.047579539836748785,None
2026-02-28,36832.76,36832.76,0.0,19,0.4240498338684047,0.049078712764653,None
2026-03-01,42343.72,42343.72,0.0,15,0.49571744083305436,0.05728758245725198,None
2026-03-02,38071.630000000005,38071.63,7.275957614183426e-12,20,0.42902857727319016,0.04345148965378355,None
2026-03-03,40614.490000000005,40614.49,7.275957614183426e-12,17,0.4717280168023903,0.051126166518687344,None
2026-03-04,39399.47,39399.47,0.0,14,0.42598378192691927,0.04537373265200095,None
2026-03-05,38296.920000000006,38296.920000000006,0.0,19,0.4469536536417785,0.04886379947671436,None
2026-03-06,42402.81,42402.81,0.0,18,0.5111776108407677,0.054529500137832254,None
2026-03-07,44493.86,44493.86,0.0,15,0.4762557481858747,0.054582865393101816,None
2026-03-08,41363.600000000006,41363.600000000006,0.0,16,0.46010386404243764,0.05209473698069788,None
2026-03-09,40572.41,40572.41,0.0,19,0.43004863176479174,0.04584829168219698,None
2026-03-10,40086.97,40086.97,0.0,20,0.4290590580978055,0.04717518440645306,None
2026-03-11,42441.21,42441.21,0.0,16,0.5060045511820869,0.05552777913126956,None
2026-03-12,41418.88,41418.88,0.0,21,0.48813851155235066,0.052968914807079985,None
2026-03-13,41867.22,41867.22,0.0,21,0.5060894326522627,0.05445696861775991,None
2026-03-14,44329.240000000005,44329.24,7.275957614183426e-12,18,0.5082915261311648,0.0590894879227137,None
2026-03-15,40368.969999999994,40368.969999999994,0.0,13,0.41243204654696414,0.04839022387347921,None
2026-03-16,38180.41,38180.41,0.0,19,0.4235864876080537,0.048013195446907735,None
2026-03-17,38296.83000000001,38296.83000000001,0.0,20,0.41439555391403937,0.045713177631495946,None
2026-03-18,38121.65,38121.649999999994,7.275957614183426e-12,18,0.46846189971968477,0.05122463450838984,None
2026-03-19,38051.44,38051.44,0.0,15,0.47106516000648846,0.050919768565706736,None
2026-03-20,39160.53,39160.52999999999,7.275957614183426e-12,15,0.4623802328938885,0.05120701444675536,None
2026-03-21,36871.729999999996,36871.729999999996,0.0,18,0.4039354782484944,0.04464383965694374,None
2026-03-22,40297.42,40297.42,0.0,19,0.4081763070335708,0.045725667978302936,None
2026-03-23,34828.049999999996,34828.049999999996,0.0,18,0.3989303144617089,0.04346827746075425,None
2026-03-24,35559.7,35559.7,0.0,14,0.3761504823785644,0.04218279860320199,None
2026-03-25,36434.9,36434.9,0.0,18,0.43537263880712285,0.04570601778157556,None
2026-03-26,70572.23000000001,70572.23000000001,0.0,26,0.7843262414894465,0.0877405048254718,Flash Sale
2026-03-27,72802.17,67556.32246529934,5245.847534700668,25,0.759406923211208,0.08481274985614674,Flash Sale
2026-03-28,39972.67999999999,39972.67999999999,0.0,18,0.44831199902974433,0.051018210500289034,None
2026-03-29,41063.07000000001,41063.07000000001,0.0,15,0.43575539471743374,0.05130593783795865,None
2026-03-30,37335.75000000001,37335.75,7.275957614183426e-12,18,0.3990488089102328,0.04256123703058182,None
2026-03-31,32613.45,32613.45,0.0,19,0.3561317563267547,0.03792595216824938,None
2026-04-01,36523.439999999995,36523.439999999995,0.0,13,0.4327393025264056,0.04696765274438184,None
2026-04-02,37642.85999999999,37642.85999999999,0.0,16,0.43805390512997905,0.04701531910292772,None
2026-04-03,38483.95,38483.95,0.0,21,0.46022415870536565,0.04841790522319854,None
2026-04-04,44803.54,44803.54,0.0,20,0.45861959576128597,0.053553046989409894,None
2026-04-05,39426.17,39426.17,0.0,16,0.4755418488691393,0.0537934859472281,None
2026-04-06,39469.520000000004,39469.520000000004,0.0,19,0.4450846662722934,0.04972337688447195,None
2026-04-07,38780.35,38780.35,0.0,19,0.47390809693169345,0.050412013951990915,None
2026-04-08,39196.01,39196.01,0.0,18,0.4389286889859869,0.04493470963273712,None
2026-04-09,39546.17,39546.17,0.0,14,0.44960903012432724,0.04817009302703197,None
2026-04-10,36910.090000000004,36910.090000000004,0.0,16,0.3943865459489995,0.04302995819371756,None
2026-04-11,41832.8,41832.8,0.0,22,0.4837296081585442,0.05602869526225096,None
2026-04-12,38622.86,38622.86,0.0,20,0.41103267094992935,0.04677398860805074,None
2026-04-13,36472.64,36472.64,0.0,15,0.43094799926120364,0.04596210037726402,None
2026-04-14,34658.159999999996,34658.159999999996,0.0,18,0.41403624694322694,0.045890296750897515,None
2026-04-15,37205.14,37205.14,0.0,20,0.40097711751447485,0.04415236412688375,None
2026-04-16,35671.08,35671.08,0.0,18,0.3710602973840832,0.03859795016297649,None
2026-04-17,34223.28,34223.28,0.0,15,0.38878469278182987,0.040610693915384834,None
2026-04-18,38315.83,38315.83,0.0,16,0.449906321778435,0.049812767698169266,None
2026-04-19,37064.97,37064.97,0.0,19,0.40892498291109425,0.046290366839813094,None
2026-04-20,32473.32,32473.32,0.0,20,0.3716018852847506,0.04022634775582524,None
2026-04-21,34837.11,34837.10999999999,7.275957614183426e-12,21,0.398653581639258,0.04230128963777034,None
2026-04-22,35122.96,35122.96,0.0,19,0.38930646224822574,0.04172836261045574,None
2026-04-23,32739.62,32739.619999999995,3.637978807091713e-12,16,0.37586473370645523,0.041794459058869846,None
2026-04-24,33676.770000000004,33676.770000000004,0.0,15,0.3573992048828167,0.03968825873489568,None
2026-04-25,36130.049999999996,36130.049999999996,0.0,15,0.40491092515101634,0.04664488273918147,None
2026-04-26,35750.56,35750.56,0.0,20,0.3568092103160427,0.03986774972177945,None
2026-04-27,33881.46000000001,33881.46000000001,0.0,17,0.37627615044415985,0.0402857089479258,None
2026-04-28,34805.27,34805.27,0.0,15,0.39641748394994364,0.04084594980477937,None
2026-04-29,35760.689999999995,35760.689999999995,0.0,16,0.3902248184932183,0.0409907107932571,None
2026-04-30,34613.91,34613.91,0.0,18,0.4151585303544856,0.04500232284406881,None
2026-05-01,33883.049999999996,33883.049999999996,0.0,17,0.3923976768348101,0.04269740445869679,None
2026-05-02,35015.409999999996,35015.409999999996,0.0,16,0.3542064267580278,0.041399602977530744,None
2026-05-03,38074.27,38074.27,0.0,16,0.4157900511659773,0.04756963875997333,None
2026-05-04,37674.509999999995,37674.509999999995,0.0,21,0.4459235196764818,0.049120426576393574,None
2026-05-05,32000.07,32000.069999999992,7.275957614183426e-12,22,0.3622354134700692,0.038512050626992214,None
2026-05-06,34575.61,34575.61,0.0,18,0.37804675368989044,0.041423171238935595,None
2026-05-07,37384.619999999995,37384.619999999995,0.0,21,0.42957529622258084,0.04641754265225848,None
2026-05-08,35440.22000000001,35440.22000000001,0.0,19,0.40659125214796565,0.04331608078507769,None
2026-05-09,42383.80000000001,42383.80000000001,0.0,23,0.4404107975269775,0.049829023196764875,None
2026-05-10,38790.11,38790.11,0.0,14,0.42695890359729055,0.048764698206700895,None
2026-05-11,34596.07,34596.06999999999,7.275957614183426e-12,16,0.4144662928629521,0.04398163971220305,None
2026-05-12,32480.300000000003,32480.3,3.637978807091713e-12,18,0.35946057370012047,0.03924171080253671,None
2026-05-13,34344.94,34344.94,0.0,16,0.3617949065281572,0.04010828011936898,None
2026-05-14,34813.45999999999,34813.459999999985,7.275957614183426e-12,21,0.39796117201805875,0.04275690145932688,None
2026-05-15,31912.179999999997,31912.179999999997,0.0,18,0.37142255970872634,0.03978940124492585,None
2026-05-16,35682.89,35682.89,0.0,17,0.38091698837563737,0.04457602116814943,None
2026-05-17,33473.15,33473.15,0.0,15,0.36768887720566845,0.04194469452152595,None
2026-05-18,35547.02,35547.02,0.0,20,0.3894691538558391,0.042749167327495716,None
2026-05-19,30872.510000000002,30872.51,3.637978807091713e-12,19,0.3595793257163757,0.038615902213447746,None
2026-05-20,30546.64,30546.64,0.0,16,0.35569061275600883,0.03851301507272798,None
2026-05-21,30219.739999999998,30219.739999999998,0.0,16,0.3429712912614084,0.03775652191175238,None
2026-05-22,30610.27,30610.269999999997,3.637978807091713e-12,13,0.34606661359541013,0.03750288254485159,None
2026-05-23,33052.0,33052.0,0.0,18,0.36383821422982776,0.0415169510638733,None
2026-05-24,34039.58,34039.58,0.0,21,0.3682957121582147,0.0426828585664807,None
2026-05-25,28905.59,28905.59,0.0,17,0.30155833345968835,0.0320546288269445,None
2026-05-26,30298.050000000003,30298.049999999996,7.275957614183426e-12,18,0.33807515644326913,0.03643949960088134,None
2026-05-27,29873.54,29873.54,0.0,14,0.30803798396744536,0.03449360391447603,None
2026-05-28,32551.5,32551.499999999996,3.637978807091713e-12,15,0.3763717571353609,0.04014991160177195,None
2026-05-29,33241.24,33241.24,0.0,19,0.3774946139493932,0.040594568855501265,None
2026-05-30,36912.450000000004,36912.450000000004,0.0,22,0.41875358803024576,0.048148412566303575,None
2026-05-31,32354.3,32354.3,0.0,18,0.34325492617301234,0.03935196633924383,None
2026-06-01,33590.84999999999,33590.84999999999,0.0,17,0.3818048475800673,0.04102767277246716,None
2026-06-02,33770.12,33770.12,0.0,17,0.3862171919384086,0.04206417078101956,None
2026-06-03,36866.78,36866.78,0.0,19,0.3717864813112862,0.041498810355704165,None
2026-06-04,32237.589999999997,32237.589999999993,3.637978807091713e-12,14,0.3690077251917948,0.04131652450791579,None
2026-06-05,31695.300000000003,31695.300000000003,0.0,14,0.3615690723082794,0.03894463570999532,None
2026-06-06,35372.83,35372.83,0.0,15,0.37627699727493286,0.043394979662917325,None
2026-06-07,35945.62,35945.62,0.0,17,0.418214769113562,0.05032375081224055,None
2026-06-08,31831.949999999997,31831.949999999997,0.0,14,0.35255941391294865,0.03798136044125091,None
2026-06-09,30673.500000000004,30673.500000000004,0.0,20,0.34181040426541043,0.036364010199080275,None
2026-06-10,32149.949999999997,32149.949999999993,3.637978807091713e-12,19,0.36196572753252243,0.03872239300509798,None
2026-06-11,33692.53999999999,33692.539999999986,7.275957614183426e-12,18,0.39528267224532815,0.04351100958900634,None
2026-06-12,32478.18,32478.18,0.0,20,0.3806279643380834,0.039633496541768475,None
2026-06-13,37899.18000000001,37899.18000000001,0.0,19,0.3989679726179887,0.0471168231688652,None
2026-06-14,34085.08,34085.079999999994,7.275957614183426e-12,15,0.36437624182309625,0.042925799087498606,None
2026-06-15,32788.52,32788.52,0.0,15,0.4002749402543852,0.04225131308226658,None
2026-06-16,30791.129999999997,30791.129999999994,3.637978807091713e-12,19,0.360632107778213,0.039610604897509956,None
2026-06-17,30115.730000000003,30115.730000000003,0.0,18,0.3611950764804254,0.038548242314668746,None
2026-06-18,32644.15,32644.15,0.0,16,0.39431735718877414,0.04353932474514524,None
2026-06-19,28255.73,28255.73,0.0,19,0.29415623101753313,0.032817598087135344,None
2026-06-20,32263.649999999998,32263.649999999994,3.637978807091713e-12,15,0.34454264708460347,0.03967860765122162,None
2026-06-21,30336.309999999998,30336.309999999998,0.0,17,0.31938271672042307,0.03551127412071479,None
2026-06-22,29209.23,29209.23,0.0,19,0.3369779411831911,0.03620225201210392,None
2026-06-23,28805.33,28805.33,0.0,17,0.32368165334873156,0.03438234090784371,None
2026-06-24,29942.96,29942.96,0.0,13,0.3244469330495163,0.03507621687152074,None
2026-06-25,30015.48,30015.479999999992,7.275957614183426e-12,19,0.3203362768874586,0.03410373870921165,None
2026-06-26,30218.63,30218.629999999997,3.637978807091713e-12,16,0.3420339138721442,0.03764050590649221,None
2026-06-27,32877.14,32877.13999999999,7.275957614183426e-12,23,0.34817720564245086,0.040006786715024,None
2026-06-28,34021.2,34021.2,0.0,19,0.40271245931945193,0.046727049193738254,None
2026-06-29,54651.61,54651.61,0.0,27,0.5893161255628463,0.06645681068811632,Summer Sale
2026-06-30,48910.53,48910.53,0.0,27,0.5123993164785625,0.058098123873918085,Summer Sale
2026-07-01,52913.73000000001,52913.73000000001,0.0,27,0.5644920328686328,0.06430265223038496,Summer Sale
2026-07-02,55865.490000000005,55865.49,7.275957614183426e-12,23,0.61275508996444,0.06633839860611618,Summer Sale
2026-07-03,52690.40000000001,52690.40000000001,0.0,25,0.5684659451882084,0.06316322279566096,Summer Sale
2026-07-04,58692.39,58692.39,0.0,25,0.6224061673438169,0.0729061058776106,Summer Sale
2026-07-05,59988.880000000005,59213.70594619945,775.1740538005523,24,0.6331308784021734,0.07500908387072056,Summer Sale
2026-07-06,54498.81,54498.80999999999,7.275957614183426e-12,26,0.5574207965351845,0.06303942194728547,Summer Sale
2026-07-07,53052.57,53052.57,0.0,23,0.5649412634967957,0.06311023543402028,Summer Sale
2026-07-08,52298.909999999996,52298.909999999996,0.0,25,0.6103935024145573,0.06740880032998604,Summer Sale
2026-07-09,52698.43,52698.42999999999,7.275957614183426e-12,22,0.6008681163622616,0.06610828404094571,Summer Sale
2026-07-10,50777.799999999996,50777.79999999999,7.275957614183426e-12,27,0.540468825198706,0.0618768146332636,Summer Sale
2026-07-11,63822.479999999996,62990.19745832842,832.2825416715762,27,0.6482918461301695,0.0764383284260481,Summer Sale
2026-07-12,60715.65,60715.649999999994,7.275957614183426e-12,25,0.6289450088073489,0.07411363438994006,Summer Sale
2026-07-13,30309.11,30309.11,0.0,14,0.33180889428486526,0.035965220887749894,None
2026-07-14,30574.280000000002,30574.28,3.637978807091713e-12,19,0.3455510929378328,0.037552935598490156,None
2026-07-15,29987.15,29987.15,0.0,22,0.3455925406040757,0.03712723660639427,None
2026-07-16,29182.72,29182.72,0.0,17,0.33304547427532727,0.03703273724082772,None
2026-07-17,28852.32,28852.32,0.0,17,0.3238726910760114,0.03529350281462769,None
2026-07-18,33074.119999999995,33074.119999999995,0.0,15,0.3670555741676142,0.04256766677246082,None
2026-07-19,31339.480000000003,31339.480000000003,0.0,18,0.3404557776774512,0.038829646858460146,None
2026-07-20,26951.39,26951.389999999996,3.637978807091713e-12,18,0.3141820588461609,0.034636490222161684,None
2026-07-21,28500.15,28500.15,0.0,16,0.2970601230852118,0.03260070117839367,None
2026-07-22,27116.799999999996,27116.799999999996,0.0,19,0.30879152792888026,0.032603418564933956,None
2026-07-23,27960.989999999998,27960.989999999998,0.0,19,0.3359858063965977,0.03610418186176431,None
2026-07-24,28530.060000000005,28530.060000000005,0.0,17,0.3039429316237548,0.03266843837125387,None
2026-07-25,30902.579999999998,30902.579999999998,0.0,21,0.3473109644721783,0.03991429663236033,None
2026-07-26,30375.79,30375.79,0.0,18,0.32860585176700047,0.03783076758527793,None
2026-07-27,28141.060000000005,28141.060000000005,0.0,16,0.30249738742089793,0.03271640649386568,None
2026-07-28,29699.85,29699.85,0.0,15,0.33273865090688043,0.03548863748052797,None
2026-07-29,27756.57,27756.57,0.0,16,0.3035531889376962,0.033040268041151295,None
2026-07-30,31072.78,31072.78,0.0,18,0.3408008941124421,0.03752369518176875,None
2026-07-31,29167.26,29167.26,0.0,19,0.32980438057939576,0.035903988238028546,None
2026-08-01,33164.34,33164.34,0.0,16,0.3568777113135518,0.04084886964170786,None
2026-08-02,32446.999999999996,32446.999999999993,3.637978807091713e-12,16,0.3475161203498436,0.04025181303181167,None
2026-08-03,31097.38,31097.38,0.0,21,0.36860436292059673,0.03964724124968282,None
2026-08-04,31915.780000000002,31915.780000000002,0.0,26,0.3788470712480354,0.0395719305105028,None
2026-08-05,31998.190000000002,31998.190000000002,0.0,16,0.342698670121092,0.0376035889574015,None
2026-08-06,29788.37,29788.37,0.0,19,0.3394756821973764,0.036354837139510654,None
2026-08-07,32397.63,32397.63,0.0,19,0.37282747058840937,0.04056512131555589,None
2026-08-08,34491.409999999996,34491.409999999996,0.0,16,0.3857043445004129,0.04424053537407156,None
2026-08-09,35024.689999999995,35024.689999999995,0.0,17,0.36702003614234263,0.043071121988860296,None
2026-08-10,29701.56,29701.559999999994,7.275957614183426e-12,23,0.36953943086057645,0.039460033616380334,None
2026-08-11,29330.29,29330.29,0.0,19,0.3376748950570282,0.036336917498863884,None
2026-08-12,30417.3,30417.3,0.0,22,0.3592229604662114,0.03864484891154886,None
2026-08-13,31092.84,31092.84,0.0,16,0.3554410050738534,0.03896754391594853,None
2026-08-14,29085.319999999996,29085.319999999996,0.0,16,0.33505980276556663,0.03623535185842329,None
2026-08-15,33940.990000000005,33940.99,7.275957614183426e-12,15,0.3984663807812245,0.044988329614316855,None
2026-08-16,33191.409999999996,33191.40999999999,7.275957614183426e-12,19,0.36555046630689053,0.04160442330856107,None
2026-08-17,26692.679999999997,26692.679999999997,0.0,21,0.30604480420878744,0.03288108831520904,None
2026-08-18,27468.559999999998,27468.559999999998,0.0,21,0.29964044971574066,0.032922313636962804,None
2026-08-19,28697.92,28697.92,0.0,23,0.32756530538060596,0.035171730947593766,None
2026-08-20,28668.460000000003,28668.46,3.637978807091713e-12,17,0.3291372321255943,0.036187140905507,None
2026-08-21,29059.2,29059.2,0.0,17,0.32397140173219435,0.03532748776638835,None
2026-08-22,31378.49,31378.49,0.0,15,0.3266198700193235,0.03829698886173362,None
2026-08-23,29770.7,29770.7,0.0,15,0.303896313125051,0.03550187207796889,None
2026-08-24,31366.57,31366.57,0.0,16,0.3408590393584939,0.037178449386022897,None
2026-08-25,28062.129999999997,28062.129999999994,3.637978807091713e-12,17,0.2888238137934408,0.03103418461994795,None
2026-08-26,29286.98,29286.98,0.0,21,0.33203295727914434,0.036193938565630454,None
2026-08-27,28026.749999999996,28026.749999999996,0.0,17,0.3097066610447265,0.0345286098962006,None
2026-08-28,32244.530000000002,32244.530000000002,0.0,16,0.3646725850360272,0.039517716508279496,None
2026-08-29,32220.27,32220.27,0.0,16,0.36599700234727367,0.043137358969293514,None
2026-08-30,32114.82,32114.819999999996,3.637978807091713e-12,19,0.3608161038416088,0.04157353691178155,None
2026-08-31,29998.46,29998.46,0.0,16,0.3557547565823867,0.03806672496001365,None
2026-09-01,32197.37,32197.37,0.0,19,0.3598215177486557,0.03957486422577716,None
2026-09-02,29418.48,29418.479999999996,3.637978807091713e-12,18,0.3251886012222663,0.0347568423440773,None
2026-09-03,33927.090000000004,33927.090000000004,0.0,14,0.38084321710401037,0.04136959555052956,None
2026-09-04,30144.02,30144.02,0.0,18,0.3274503620365909,0.036338451406837675,None
2026-09-05,36537.490000000005,36537.490000000005,0.0,20,0.4285564542729312,0.04956841251697589,None
2026-09-06,35881.8,35881.8,0.0,22,0.42662623083688284,0.04873782104521066,None
2026-09-07,31243.46,31243.46,0.0,18,0.3722602679856808,0.04164851727792444,None
2026-09-08,34583.59,34583.59,0.0,16,0.42737152669223577,0.0459183818835147,None
2026-09-09,32407.06,32407.059999999998,3.637978807091713e-12,20,0.34984119021711385,0.03759186861990693,None
2026-09-10,31894.08,31894.08,0.0,21,0.36879092060051133,0.041705814705650664,None
2026-09-11,31183.720000000005,31183.72,3.637978807091713e-12,19,0.3764520166307998,0.0408356481224969,None
2026-09-12,36279.22,36279.22,0.0,20,0.3688699955746589,0.0428356931833279,None
2026-09-13,37339.899999999994,37339.899999999994,0.0,21,0.4289827767678461,0.0500174906443428,None
2026-09-14,32302.5,32302.499999999996,3.637978807091713e-12,18,0.3534475207519523,0.03922189466059973,None
2026-09-15,31553.149999999998,31553.149999999998,0.0,15,0.38471610250206034,0.04218927364450486,None
2026-09-16,31578.030000000006,31578.030000000006,0.0,14,0.3692060911827089,0.03992060669969159,None
2026-09-17,30441.369999999995,30441.369999999995,0.0,17,0.3330825164939696,0.03682460520504495,None
2026-09-18,31315.7,31315.7,0.0,19,0.3604182427518271,0.040753401853477055,None
2026-09-19,32724.199999999997,32724.199999999997,0.0,21,0.3396011596924593,0.038679838786073624,None
2026-09-20,33683.69,33683.69,0.0,16,0.38862938730983393,0.04422266354977444,None
2026-09-21,30287.390000000003,30287.390000000003,0.0,17,0.34643457787580384,0.038040296851144496,None
2026-09-22,30865.66,30865.66,0.0,18,0.36740129759089757,0.04039396567542555,None
2026-09-23,29008.879999999997,29008.879999999997,0.0,18,0.33583632898774923,0.03623955162960571,None
2026-09-24,31643.78,31643.78,0.0,20,0.33650480345915396,0.03572116868103983,None
2026-09-25,31065.549999999996,31065.549999999996,0.0,20,0.36058984867333754,0.03997135837982355,None
2026-09-26,34827.770000000004,34827.770000000004,0.0,19,0.4046108583912831,0.04600193595143404,None
2026-09-27,33776.18,33776.18,0.0,18,0.3428143682156186,0.03995616695351566,None
2026-09-28,31021.719999999998,31021.719999999994,3.637978807091713e-12,18,0.3695960827957755,0.04052146342538458,None
2026-09-29,31974.28,31974.28,0.0,19,0.3622657989204767,0.039457137993461684,None
2026-09-30,34362.78999999999,34362.78999999999,0.0,14,0.38248787174066545,0.04207520739218178,None
2026-10-01,31063.18,31063.18,0.0,18,0.3509059186035909,0.03819344025422412,None
2026-10-02,31133.11,31133.109999999997,3.637978807091713e-12,16,0.36153960527867207,0.039941823411248585,None
2026-10-03,36551.409999999996,36551.409999999996,0.0,17,0.4186979997573803,0.04651386129157579,None
2026-10-04,38939.34999999999,38939.349999999984,7.275957614183426e-12,17,0.41014884457412387,0.04787134319758832,None
2026-10-05,35694.46,35694.46,0.0,17,0.38884098338950623,0.04316493454200825,None
2026-10-06,35062.38,35062.38,0.0,17,0.40811978800702925,0.04282073389794542,None
2026-10-07,34751.68,34751.68,0.0,15,0.39116341010071887,0.04252913547486478,None
2026-10-08,36047.07,36047.07,0.0,16,0.42898699313798816,0.046565379407106304,None
2026-10-09,35282.31,35282.31,0.0,17,0.3849816968458363,0.0419439967609071,None
2026-10-10,37209.36,37209.36,0.0,15,0.37098429933286814,0.042330795498233535,None
2026-10-11,37390.44,37390.44,0.0,16,0.3964690019113172,0.04523932343085901,None
2026-10-12,35824.72,35824.719999999994,7.275957614183426e-12,14,0.3861041224508898,0.04230075807583737,None
2026-10-13,35475.05,35475.05,0.0,13,0.39409467224185013,0.04216222206045852,None
2026-10-14,32807.4,32807.4,0.0,18,0.36171599602897153,0.04047939782168078,None
2026-10-15,35220.439999999995,35220.439999999995,0.0,18,0.3939618401550273,0.041190605131997265,None
2026-10-16,34319.26,34319.26,0.0,17,0.36909486632461425,0.04149015091132088,None
2026-10-17,38237.77,38237.76999999999,7.275957614183426e-12,10,0.4165895112958333,0.04853996043610496,None
2026-10-18,36646.17,36646.17,0.0,17,0.4162117248961191,0.048342880757247006,None
2026-10-19,30424.489999999998,30424.489999999998,0.0,22,0.3423760301618435,0.03635900471853272,None
2026-10-20,34617.61,34617.61,0.0,17,0.40579335119269105,0.04478919110151002,None
2026-10-21,32906.82,32906.81999999999,7.275957614183426e-12,17,0.35213409260099443,0.03919584055789169,None
2026-10-22,33647.060000000005,33647.060000000005,0.0,17,0.43235658986594055,0.04502662187193593,None
2026-10-23,32850.939999999995,32850.93999999999,7.275957614183426e-12,18,0.35968979234707693,0.03853700213187085,None
2026-10-24,38345.65,38345.65,0.0,20,0.4242800674749075,0.04935352666862883,None
2026-10-25,37389.65,37389.65,0.0,20,0.4160972428985298,0.04937716676049262,None
2026-10-26,32555.949999999997,32555.949999999997,0.0,18,0.3764783287842008,0.04056817086186333,None
2026-10-27,34924.65,34924.65,0.0,19,0.40526505371932603,0.04405482783753957,None
2026-10-28,33274.17,33274.17,0.0,19,0.3886385643056623,0.04081282940548426,None
2026-10-29,35733.329999999994,35733.329999999994,0.0,19,0.42690827849317514,0.04656532825979357,None
2026-10-30,32287.72,32287.72,0.0,18,0.36814966262607857,0.04013155061706816,None
2026-10-31,41108.049999999996,41108.049999999996,0.0,14,0.4665945322705546,0.05466305807710074,None
2026-11-01,38476.619999999995,38476.619999999995,0.0,16,0.4496648268497471,0.051610343443029914,None
2026-11-02,36477.840000000004,36477.840000000004,0.0,23,0.42454925930857157,0.046377159147170714,None
2026-11-03,35466.4,35466.4,0.0,16,0.4285422356976186,0.046208597273547675,None
2026-11-04,35175.020000000004,35175.02,7.275957614183426e-12,21,0.4041267392977798,0.043861625173590595,None
2026-11-05,35631.79,35631.79,0.0,23,0.4013869940019631,0.04469747787749443,None
2026-11-06,35718.96,35718.96,0.0,20,0.42978159795688925,0.04601800854318598,None
2026-11-07,41288.44,41288.44,0.0,20,0.4477696330219018,0.05138770886017619,None
2026-11-08,40175.66999999999,40175.66999999999,0.0,16,0.4628101848321498,0.052566731779689305,None
2026-11-09,36476.479999999996,36476.479999999996,0.0,21,0.4118203299055616,0.04321476688592943,None
2026-11-10,38262.68,38262.67999999999,7.275957614183426e-12,16,0.41813895633665193,0.04553597047361205,None
2026-11-11,37543.09,37543.09,0.0,16,0.4208962555859265,0.044928999253675474,None
2026-11-12,39248.94,39248.94,0.0,17,0.41931795053860954,0.044899157070361614,None
2026-11-13,36825.56,36825.56,0.0,15,0.4152591467927371,0.04583334001538295,None
2026-11-14,41869.68,41869.68,0.0,15,0.47522052833519784,0.053437978911470854,None
2026-11-15,39795.69,39795.69,0.0,17,0.43462938347886004,0.04901854281056054,None
2026-11-16,39174.83000000001,39174.83000000001,0.0,20,0.46517385295368674,0.05021577220026047,None
2026-11-17,35730.35999999999,35730.359999999986,7.275957614183426e-12,13,0.4269475346277467,0.046308668274468716,None
2026-11-18,37833.719999999994,37833.719999999994,0.0,18,0.42289716382148723,0.045831149619929124,None
2026-11-19,37297.97,37297.97,0.0,17,0.44836044040614836,0.04772420905032347,None
2026-11-20,34039.87,34039.87,0.0,14,0.38837897134146787,0.04187211132372215,None
2026-11-21,37728.58,37728.58,0.0,19,0.40406711887485514,0.04696254288581715,None
2026-11-22,42249.71000000001,42249.71000000001,0.0,18,0.47828595533347956,0.05500501286688881,None
2026-11-23,36183.53999999999,36183.53999999999,0.0,17,0.420473797313036,0.047415764777788645,None
2026-11-24,36374.8,36374.8,0.0,16,0.41889934444698207,0.04548937184388008,None
2026-11-25,35581.41,35581.41,0.0,19,0.42316744747498036,0.04720490087167657,None
2026-11-26,117262.82,86845.30743725998,30417.512562740023,26,0.9391141169071452,0.10756204673994739,Black Friday
2026-11-27,120622.18000000001,87480.85518081783,33141.324819182184,24,0.9155809250541236,0.10408463285004711,Black Friday
2026-11-28,149738.97,89556.9282030602,60182.041796939804,25,0.9587637969412048,0.11072208878876233,Black Friday
2026-11-29,127876.36,94752.73746199592,33123.62253800409,24,0.9813375445791382,0.1138012485780498,Black Friday
2026-11-30,36472.71000000001,36472.71000000001,0.0,16,0.42630500691660983,0.04673406887083462,None
2026-12-01,37668.79,37668.79,0.0,17,0.4485631601641155,0.047668839395406885,None
2026-12-02,39974.13,39974.13,0.0,16,0.4697682169374188,0.05069221373661498,None
2026-12-03,40529.54000000001,40529.54000000001,0.0,15,0.4487733152560219,0.05062172588300421,None
2026-12-04,39556.520000000004,39556.520000000004,0.0,21,0.433402876303807,0.04739812455787937,None
2026-12-05,42544.72,42544.719999999994,7.275957614183426e-12,14,0.47946070909091265,0.055000937235092244,None
2026-12-06,127267.82,84100.73896844455,43167.081031555455,25,0.9018880467210894,0.10206128618269336,Christmas Season
2026-12-07,116061.48000000001,84679.87282639008,31381.607173609922,23,0.8913291647225712,0.10067259003785128,Christmas Season
2026-12-08,114117.85,86275.01458444602,27842.83541555399,22,0.9004854178015304,0.10185402482530022,Christmas Season
2026-12-09,113772.79999999999,83529.54881785372,30243.251182146265,24,0.9047650915400824,0.1024864165975524,Christmas Season
2026-12-10,117981.80999999998,83165.74935479995,34816.06064520003,19,0.9250079043777657,0.1054776231866141,Christmas Season
2026-12-11,112843.90999999999,80217.90120593381,32626.008794066176,28,0.887359451194712,0.09991444863512623,Christmas Season
2026-12-12,116350.37000000001,92964.7371516988,23385.632848301208,26,0.8721313979019958,0.0994148795077198,Christmas Season
2026-12-13,121929.39000000001,87709.17645990425,34220.21354009576,24,0.9355449745838952,0.10703464760227764,Christmas Season
2026-12-14,105949.4,78325.25760373421,27624.14239626579,24,0.9025473093310822,0.10215870301298988,Christmas Season
2026-12-15,115836.68000000001,89227.95966933931,26608.720330660697,28,0.935262761835359,0.10699294605419203,Christmas Season
2026-12-16,113284.96999999999,82321.94049604202,30963.02950395796,23,0.9157195618392128,0.10410511870190824,Christmas Season
2026-12-17,110571.2,85089.38379374327,25481.81620625673,28,0.9434626669016684,0.10820461610522197,Christmas Season
2026-12-18,106995.9,84811.71678817621,22184.183211823783,24,0.8970043066342397,0.10133963373032986,Christmas Season
2026-12-19,128306.14,79873.35245252706,48432.78754747293,29,0.9300493364784291,0.10622257721245676,Christmas Season
2026-12-20,126142.91999999998,93863.16223805698,32279.75776194301,23,0.990816322481309,0.1152018930015582,Christmas Season
2026-12-21,110475.31000000001,82461.14333074806,28014.166669251954,22,0.9454384973339245,0.10849657735859242,Christmas Season
2026-12-22,109945.73999999999,83679.28587952585,26266.454120474136,26,0.891857925106303,0.10129064678710092,Christmas Season
2026-12-23,111084.72999999998,81108.54617167883,29976.183828321155,23,0.9056698204105794,0.1026201050814822,Christmas Season
2026-12-24,107186.06000000001,81718.77959636597,25467.280403634042,24,0.9141482841149128,0.10387293672602083,Christmas Season
2026-12-25,105583.69,87228.32726241936,18355.36273758064,24,0.8869407295254669,0.09985257566193462,Christmas Season
2026-12-26,44954.619999999995,44954.61999999999,7.275957614183426e-12,18,0.4900693630114652,0.05772642174509941,None
2026-12-27,44051.01,44051.01,0.0,20,0.5231421389960468,0.06009165358748616,None
2026-12-28,40369.01,40369.009999999995,7.275957614183426e-12,17,0.4459763362694391,0.05008154013425909,None
2026-12-29,40002.51,40002.51,0.0,17,0.47307049831474957,0.051315275507243296,None
2026-12-30,39367.84,39367.83999999999,7.275957614183426e-12,20,0.510054749921437,0.0557661637511884,None
2026-12-31,41137.049999999996,41137.049999999996,0.0,19,0.5070667810247691,0.053548688411016294,None
